{
  "mAP50": 0.4468781706115237,
  "mAP50-95": 0.2825742692885689,
  "precision": 0.5330467999537488,
  "recall": 0.4109311740890688
}